regime	alpha	sigma	theta
0	4.402468666474809	6.361570046518841	0.7584237650746165
1	4.402468666474809	6.361570046518841	3.0867685293910707
