{"1_h1_loss":-830.796875,"_wandb":{"runtime":143},"_runtime":143,"1_h0_loss":-829.510498046875,"iter":499,"_timestamp":1.755196265312508e+09,"_step":999}