{"_runtime":204,"    1_h0_loss":-1747.9757080078125,"iter":999,"_timestamp":1.7551917428705668e+09,"_step":1999,"    1_h1_loss":-1751.4742431640625,"_wandb":{"runtime":204}}