regime	alpha	sigma	theta
0	3.994137074242084	6.750262210776128	1.5602827862182345
1	3.994137074242084	6.750262210776128	1.5602827862182345
