regime	alpha	sigma	theta
0	14.38203972134103	7.911413723780357	0.9154118895912916
1	14.38203972134103	7.911413723780357	1.019127742762341
