regime	alpha	sigma	theta
0	9.689310522096722	7.145736713842311	1.3873894025831408
1	9.689310522096722	7.145736713842311	4.8458111066984575
