{"    1_h1_loss":-1723.3134765625,"_wandb":{"runtime":143},"_runtime":143,"    1_h0_loss":-1719.16552734375,"iter":499,"_timestamp":1.7551929009458685e+09,"_step":999}