regime	alpha	sigma	theta
0	6.439854550156832	14.969151751401151	-0.1493760334537872
1	6.439854550156832	14.969151751401151	-1.2960319758863383
