{"_timestamp":1.7551931684161174e+09,"_step":999,"    1_h0_loss":-749.5392456054688,"iter":499,"    1_h1_loss":-751.0925903320312,"_wandb":{"runtime":145},"_runtime":145}