regime	alpha	sigma	theta
0	21.756973752854766	3.2171136648226324	0.1995429127937738
1	21.756973752854766	3.2171136648226324	2.9716942995124342
