ID	gene	h0_theta	h1_theta0	h1_theta1	h0	h1	LR	p	q	signif
0	1	2.9173436	2.776427984237671	7.000736713409424	-460.65015	-460.95486	0.30471802	0.5809396542203589	0.7072371701323106	False
1	2	5.1453676	5.2129435539245605	4.263086318969727	-614.806	-614.9471	0.14105225	0.7072371701323106	0.7072371701323106	False
