regime	alpha	sigma	theta
0	19.190220897138285	7.594161520658414	-0.32775630345009793
1	19.190220897138285	7.594161520658414	-0.32775630345009793
