ID	gene	h0_theta	h1_theta0	h1_theta1	h0	h1	LR	p	q	signif
0	1	3.2160408	2.8539774417877197	9.921219825744629	-305.69125	-307.62332	1.9320679	0.1645323868639822	0.1905317660353154	False
1	2	0.50113267	0.48626846075057983	8.726499557495117	83.94243	82.22893	1.713501	0.1905317660353154	0.1905317660353154	False
