regime	alpha	sigma	theta
0	14.22974914099673	7.243662043129686	1.151305972479605
1	14.22974914099673	7.243662043129686	6.196891078963608
