{"_wandb":{"runtime":157},"_runtime":157,"1_h0_loss":-829.510498046875,"iter":499,"_timestamp":1.7551966900655146e+09,"_step":999,"1_h1_loss":-830.796875}