{"_timestamp":1.755190227567977e+09,"    1_h1_loss":-1751.4742431640625,"_wandb":{"runtime":258},"_runtime":258,"_step":1999,"    1_h0_loss":-1747.9757080078125,"iter":999}