regime	alpha	sigma	theta
0	3.8383765351147088	7.042295296864584	0.5151366679136622
1	3.8383765351147088	7.042295296864584	0.0805477731619696
