regime	alpha	sigma	theta
0	3.1323185899464168	6.672334271670303	0.7970026703955296
1	3.1323185899464168	6.672334271670303	2.6121922282582988
