regime	alpha	sigma	theta
0	5.481553176416729	7.591962905953352	0.2264578826099843
1	5.481553176416729	7.591962905953352	2.197318093148683
