regime	alpha	sigma	theta
0	3.044977018609111	6.721194980718167	3.909073507961156
1	3.044977018609111	6.721194980718167	3.672465169019462
