regime	alpha	sigma	theta
0	3.2476371953154795	7.062476530394586	1.2583354459528744
1	3.2476371953154795	7.062476530394586	1.2583354459528744
