mu	sigma
-0.2582934	4.471313
