mu	sigma
2.4440231	4.4759626
