{"iter":499,"_timestamp":1.7552883726362958e+09,"_step":999,"1_h0_loss":-511.56451416015625,"1_h1_loss":-515.9005126953125,"_wandb":{"runtime":160},"_runtime":160}