regime	alpha	sigma	theta
0	5.7703522781441	7.679427006675674	-0.501850986031193
1	5.7703522781441	7.679427006675674	1.5279187648672028
