regime	alpha	sigma	theta
0	3.7917387610574913	5.993855973472445	0.0068355350094341
1	3.7917387610574913	5.993855973472445	0.8197437103501335
