regime	alpha	sigma	theta
0	6.211067492324004	7.109955216172535	0.8351486431377406
1	6.211067492324004	7.109955216172535	4.315863753019196
