{"_timestamp":1.755192616207558e+09,"_step":199,"    1_h1_loss":-723.06982421875,"_wandb":{"runtime":95},"_runtime":95,"    1_h0_loss":-721.3667602539062,"iter":99}