regime	alpha	sigma	theta
0	2.9242451100027447	7.867606456891237	3.067250044018383
1	2.9242451100027447	7.867606456891237	2.1055728693125912
