regime	alpha	sigma	theta
0	3.531812931376304	6.446991016269052	1.1941628063001946
1	3.531812931376304	6.446991016269052	7.947779160949002
