regime	alpha	sigma	theta
0	6.272833642167737	6.651648745049026	0.2819432379881408
1	6.272833642167737	6.651648745049026	2.702104699725708
