regime	alpha	sigma	theta
0	3.008793915115188	6.904884226918024	3.0136564725449877
1	3.008793915115188	6.904884226918024	0.677898166639786
