regime	alpha	sigma	theta
0	5.692155818763527	7.70301643181907	1.310770509646319
1	5.692155818763527	7.70301643181907	3.0382925192561383
