{"iter":999,"_timestamp":1.755192431879056e+09,"_step":1999,"    1_h1_loss":-773.68505859375,"_wandb":{"runtime":228},"_runtime":228,"    1_h0_loss":-772.2528686523438}